"chr","sca","mean.loc","sca.ori"
"1","LAII01000860.1",110766.940622055,1
"1","LAII01000648.1",272290.900874358,1
"1","LAII01000736.1",410170.438719498,-1
"1","LAII01001017.1",449620.016353514,-1
"1","LAII01000292.1",1039940.59473435,-1
"1","LAII01000640.1",1302913.59205979,1
"1","LAII01000350.1",1658199.13755014,-1
"1","LAII01001166.1",1978406.61740737,-1
"1","LAII01000171.1",3132374.0706216,1
"1","LAII01000123.1",5612388.86509849,1
"1","LAII01001063.1",7028028.85646417,1
"1","LAII01000143.1",8201400.6747754,1
"1","LAII01000163.1",10375692.9610589,-1
"1","LAII01000478.1",11546081.0898092,-1
"1","LAII01000299.1",12076136.957283,-1
"1","LAII01000173.1",13429040.5094008,1
"1","LAII01000458.1",14532151.0531361,1
"1","LAII01000041.1",17804797.5799807,1
"1","LAII01000150.1",21968454.3243984,-1
"1","LAII01000278.1",23507877.8205867,-1
"1","LAII01000001.1",31696494.692646,1
"1","LAII01000229.1",40150682.5246339,1
"1","LAII01000180.1",41837510.5221245,-1
"1","LAII01000735.1",42532226.5935067,-1
"1","LAII01000508.1",42667026.8194098,-1
"1","LAII01000513.1",42875804.3575328,-1
"1","LAII01000384.1",43198903.1728266,1
"1","LAII01000557.1",43533168.0970119,-1
"1","LAII01000176.1",44488911.6162763,-1
"1","LAII01000044.1",51790446.9169937,1
"1","LAII01000013.1",55342611.7456781,1
"1","LAII01000213.1",61012822.9263973,1
"1","LAII01000166.1",62746449.9239696,1
"1","LAII01000383.1",63956567.5344066,1
"1","LAII01000391.1",64394375.571006,1
"1","LAII01000406.1",64813554.2351223,1
"1","LAII01000169.1",65945002.6064841,1
"1","LAII01000331.1",67207132.2551733,-1
"1","LAII01000850.1",67526776.9914051,-1
"1","LAII01000093.1",69184645.6852298,-1
"1","LAII01000165.1",71809807.2581723,-1
"1","LAII01000325.1",73105985.8770612,1
"1","LAII01000313.1",73127142.0670272,-1
"1","LAII01000235.1",75529070.1093547,1
"1","LAII01000265.1",76625721.7387358,-1
"1","LAII01000117.1",78608547.0994608,-1
"1","LAII01000028.1",83499992.7127971,-1
"1","LAII01000157.1",87992256.3306001,1
"1","LAII01000485.1",89210654.5934304,-1
"1","LAII01000426.1",89513738.0148479,-1
"1","LAII01000196.1",90544096.4955862,1
"1","LAII01000050.1",94066169.3035062,-1
"1","LAII01000340.1",98961064.5926549,-1
"1","LAII01000412.1",99517435.7459822,1
"1","LAII01000283.1",100234369.155823,1
"1","LAII01000014.1",105356801.758499,-1
"1","LAII01000078.1",109498242.430913,1
"1","LAII01000531.1",109983419.696257,1
"1","LAII01001067.1",110113832.003101,1
"1","LAII01001267.1",110122458.211001,1
"1","LAII01000395.1",110342672.104993,1
"1","LAII01000580.1",110638574.030142,1
"1","LAII01000600.1",110747348.7654,1
"1","LAII01000457.1",110977021.108821,1
"1","LAII01000309.1",111467652.944044,-1
"1","LAII01000552.1",111883953.256416,-1
"1","LAII01000467.1",112061594.115846,-1
"1","LAII01000388.1",112341941.179211,1
"1","LAII01000380.1",112606560.998948,-1
"1","LAII01000086.1",114571170.149249,1
"1A","LAII01000374.1",204613.03128128,-1
"1A","LAII01000621.1",461145.084661943,1
"1A","LAII01000475.1",608685.124024071,-1
"1A","LAII01000734.1",770946.168093444,-1
"1A","LAII01000178.1",1863127.14971158,-1
"1A","LAII01000565.1",2835069.14285161,1
"1A","LAII01000205.1",3699662.64246639,-1
"1A","LAII01000113.1",6039693.91157675,1
"1A","LAII01000185.1",8321660.62477511,1
"1A","LAII01000024.1",12959388.6055039,1
"1A","LAII01000363.1",17009921.3750809,-1
"1A","LAII01000015.1",21747669.1354033,1
"1A","LAII01000243.1",26559977.2441045,1
"1A","LAII01000154.1",28155461.4983793,1
"1A","LAII01000128.1",30450188.2251864,-1
"1A","LAII01000149.1",32822057.3183525,1
"1A","LAII01000115.1",35302696.2678224,1
"1A","LAII01000125.1",38069465.9636682,-1
"1A","LAII01000162.1",40373989.2580521,1
"1A","LAII01000191.1",42164740.8277562,1
"1A","LAII01000105.1",44469281.0617971,-1
"1A","LAII01000207.1",46718551.4555254,1
"1A","LAII01000052.1",49993594.5576016,-1
"1A","LAII01000637.1",52477764.4748615,1
"1A","LAII01000706.1",52552460.6292133,-1
"1A","LAII01001033.1",52592524.1326095,1
"1A","LAII01000471.1",52720653.9288339,-1
"1A","LAII01000708.1",52875928.6596117,-1
"1A","LAII01000505.1",53005517.8626176,-1
"1A","LAII01000559.1",53216782.8255575,1
"1A","LAII01000567.1",53354922.5134363,-1
"1A","LAII01000409.1",53610053.6614057,1
"1A","LAII01000316.1",54136877.3926051,1
"1A","LAII01000892.1",54491923.603595,1
"1A","LAII01000371.1",54739642.1551783,-1
"1A","LAII01000284.1",55391476.924986,1
"1A","LAII01000624.1",55862843.6765078,-1
"1A","LAII01000466.1",56049010.3235055,-1
"1A","LAII01000417.1",56365071.9501462,1
"1A","LAII01000543.1",56614235.484724,1
"1A","LAII01000597.1",56752053.9314417,-1
"1A","LAII01000463.1",56958909.9196201,1
"1A","LAII01000568.1",57184278.4624715,1
"1A","LAII01000486.1",57398054.1770581,-1
"1A","LAII01000446.1",57677945.983185,1
"1A","LAII01000344.1",58118803.9096977,1
"1A","LAII01000983.1",58412095.1936693,1
"1A","LAII01000192.1",60993957.7852579,1
"1A","LAII01000249.1",63103067.7448721,-1
"1A","LAII01000080.1",63493882.4220043,1
"1A","LAII01000465.1",63793208.44401,-1
"1A","LAII01000430.1",64975674.284919,-1
"1A","LAII01000829.1",65183848.9176854,1
"1A","LAII01000323.1",65732329.1924061,1
"1A","LAII01000415.1",66248051.6630186,1
"1A","LAII01000563.1",66531313.1511485,-1
"1A","LAII01000518.1",66717966.809526,-1
"1A","LAII01000135.1",67988806.7724019,1
"1A","LAII01000089.1",69348716.0157273,-1
"1A","LAII01000318.1",72656494.591249,1
"1B","LAII01000599.1",73087.7398151077,1
"1B","LAII01000584.1",190524.059996839,-1
"1B","LAII01000604.1",325088.143738203,-1
"1B","LAII01000578.1",456782.443799051,-1
"1B","LAII01000561.1",592455.795200598,1
"1B","LAII01000474.1",764183.938128431,-1
"1B","LAII01000598.1",921115.90491046,-1
"1B","LAII01000534.1",1025896.51952721,-1
"2","LAII01000435.1",147323.781823016,-1
"2","LAII01000444.1",565054.326352169,-1
"2","LAII01000627.1",712391.30498832,1
"2","LAII01000701.1",914821.34852268,1
"2","LAII01000642.1",1435155.51879153,1
"2","LAII01000082.1",3761392.79011537,1
"2","LAII01000183.1",6706464.29044928,-1
"2","LAII01000046.1",10475933.5629265,-1
"2","LAII01000431.1",13490815.4939885,-1
"2","LAII01000460.1",13827250.0485521,-1
"2","LAII01000040.1",16996774.1474213,1
"2","LAII01000255.1",20549739.9693512,1
"2","LAII01000116.1",22538625.4828409,-1
"2","LAII01000329.1",24330064.019206,1
"2","LAII01000084.1",26472084.8363565,1
"2","LAII01000055.1",36489756.3828489,-1
"2","LAII01000048.1",39133311.7798323,1
"2","LAII01000224.1",42414856.0403468,-1
"2","LAII01000031.1",48197611.208472,1
"2","LAII01000101.1",49782302.5141509,-1
"2","LAII01000181.1",52990274.5775516,-1
"2","LAII01000074.1",55855099.8213971,1
"2","LAII01000020.1",59347366.0306019,-1
"2","LAII01000071.1",60005342.9947694,1
"2","LAII01000170.1",63163593.1927891,1
"2","LAII01000151.1",63173128.6241572,-1
"2","LAII01000236.1",64893560.3102455,1
"2","LAII01000281.1",65997423.7234884,-1
"2","LAII01000456.1",66614707.4330525,-1
"2","LAII01000206.1",69101632.5649669,-1
"2","LAII01000119.1",71331263.9094831,1
"2","LAII01000532.1",78324958.3978823,1
"2","LAII01000639.1",79371932.5978727,1
"2","LAII01000425.1",79583122.0616043,-1
"2","LAII01000023.1",83593563.6870559,1
"2","LAII01000248.1",87554923.7720109,1
"2","LAII01000145.1",88928060.1602937,-1
"2","LAII01000079.1",91915325.8504622,-1
"2","LAII01000304.1",94175370.4162666,1
"2","LAII01000124.1",96014742.7279814,1
"2","LAII01000718.1",97372383.2470709,-1
"2","LAII01000168.1",98468903.2879218,-1
"2","LAII01000658.1",99471987.3672914,-1
"2","LAII01000043.1",102426439.282885,-1
"2","LAII01000614.1",105309434.143428,-1
"2","LAII01000164.1",106381630.24049,-1
"2","LAII01000065.1",109617751.748137,-1
"2","LAII01000132.1",113153010.209514,1
"2","LAII01000030.1",117898119.743902,1
"2","LAII01000091.1",122962522.982221,-1
"2","LAII01000096.1",126219541.163238,1
"2","LAII01000590.1",127866414.326304,-1
"2","LAII01000443.1",128093472.361497,-1
"2","LAII01000226.1",128901891.071791,-1
"2","LAII01000727.1",129560805.104567,-1
"2","LAII01000555.1",129670650.540747,-1
"2","LAII01000322.1",130068857.823765,-1
"2","LAII01000311.1",130740648.516345,-1
"2","LAII01000517.1",131205828.66983,-1
"2","LAII01000244.1",131884490.453972,-1
"2","LAII01000441.1",132639590.435472,1
"2","LAII01000306.1",133197893.292451,1
"2","LAII01000454.1",133732877.4684,-1
"2","LAII01000296.1",134305364.284881,1
"2","LAII01000393.1",134940722.978856,-1
"2","LAII01000327.1",135484449.972832,1
"2","LAII01000491.1",135916109.222414,-1
"2","LAII01000390.1",136282393.468229,-1
"2","LAII01001061.1",136516915.151101,1
"2","LAII01000140.1",137700898.640162,-1
"2","LAII01000233.1",140056784.904907,-1
"2","LAII01000603.1",140698076.052294,1
"2","LAII01000263.1",142213973.550458,-1
"2","LAII01000059.1",143101428.152515,-1
"2","LAII01000053.1",148281976.932991,1
"2","LAII01000907.1",150741729.977658,1
"2","LAII01000287.1",151189625.33474,1
"2","LAII01000305.1",152008509.01465,-1
"2","LAII01000357.1",152656498.95215,-1
"2","LAII01000118.1",154450666.022228,1
"2","LAII01000583.1",156114897.493187,1
"2","LAII01000422.1",156287224.516298,1
"3","LAII01000234.1",811896.630596257,1
"3","LAII01000221.1",2041280.23328753,1
"3","LAII01000130.1",4083882.99054122,1
"3","LAII01000671.1",5410483.61316988,1
"3","LAII01000489.1",5574519.21125,1
"3","LAII01000051.1",12150266.9157289,-1
"3","LAII01000085.1",15976253.7193056,-1
"3","LAII01000010.1",20039446.9382909,1
"3","LAII01000367.1",21389918.5962279,-1
"3","LAII01000106.1",22360398.5118644,-1
"3","LAII01000257.1",23677384.8989805,1
"3","LAII01000238.1",25613741.5239513,1
"3","LAII01000267.1",26650963.2276606,1
"3","LAII01000351.1",27375518.7217549,-1
"3","LAII01000396.1",27839686.1909584,1
"3","LAII01000524.1",28135754.1566294,1
"3","LAII01000280.1",28655591.4348813,-1
"3","LAII01000588.1",29143936.5630476,-1
"3","LAII01000339.1",29505393.1943578,1
"3","LAII01000421.1",34104097.6397416,-1
"3","LAII01000036.1",37695680.9713517,1
"3","LAII01000447.1",41082800.4064461,-1
"3","LAII01000058.1",43611427.0248529,1
"3","LAII01000473.1",45985340.5475017,1
"3","LAII01000556.1",46185389.4337307,1
"3","LAII01000258.1",46745754.4475151,1
"3","LAII01000230.1",47866041.3110094,-1
"3","LAII01001052.1",48510409.0943615,1
"3","LAII01000289.1",48930653.2423152,1
"3","LAII01000037.1",52493973.4893841,-1
"3","LAII01000033.1",58961527.7427303,1
"3","LAII01000193.1",62975277.7267936,1
"3","LAII01000153.1",64803708.7228989,-1
"3","LAII01000359.1",66075000.5368788,1
"3","LAII01000186.1",67166478.1265064,1
"3","LAII01000609.1",68046841.4508455,-1
"3","LAII01000455.1",68251641.2540441,1
"3","LAII01000219.1",69085249.3282611,-1
"3","LAII01000063.1",71868896.4365255,1
"3","LAII01000217.1",74727194.2989499,1
"3","LAII01000067.1",77543181.5002764,-1
"3","LAII01000022.1",83183695.903447,1
"3","LAII01001234.1",86881539.7979387,1
"3","LAII01000533.1",86970089.7955369,1
"3","LAII01000423.1",87233457.7136141,-1
"3","LAII01000204.1",87397889.9318863,-1
"3","LAII01000617.1",88916714.6743368,-1
"3","LAII01000195.1",89742965.3860042,1
"3","LAII01000490.1",90628480.6653723,1
"3","LAII01000569.1",90826397.485554,1
"3","LAII01000349.1",91164502.6854711,-1
"3","LAII01000744.1",91455050.5421727,1
"3","LAII01000218.1",92148528.9773313,1
"3","LAII01000657.1",92876994.0648588,-1
"3","LAII01000202.1",93710627.9530808,1
"3","LAII01000437.1",94651335.5186335,-1
"3","LAII01000933.1",94829712.0869038,-1
"3","LAII01000500.1",94968967.8900781,-1
"3","LAII01000110.1",96585013.8064584,-1
"3","LAII01000099.1",99598341.1223176,-1
"3","LAII01001103.1",101166200.202755,-1
"3","LAII01000501.1",101285359.245993,-1
"3","LAII01000833.1",101411570.11018,1
"3","LAII01000326.1",101736932.131994,1
"3","LAII01000077.1",103971320.77732,1
"3","LAII01000793.1",105859923.681308,-1
"3","LAII01000574.1",105949090.215859,1
"3","LAII01000242.1",106583599.67314,-1
"3","LAII01000319.1",107490132.924377,1
"3","LAII01000345.1",108072394.864313,1
"3","LAII01000133.1",109538795.216435,1
"3","LAII01000174.1",111675204.740688,-1
"4","LAII01000536.1",983564.122397731,-1
"4","LAII01000107.1",2156508.0600297,-1
"4","LAII01000915.1",3781369.60574294,1
"4","LAII01000342.1",4086856.83490751,-1
"4","LAII01000404.1",4565280.65521718,-1
"4","LAII01000362.1",4936612.48813428,-1
"4","LAII01000689.1",5182766.03330886,-1
"4","LAII01000302.1",5584953.99625655,1
"4","LAII01000410.1",6158309.03155286,-1
"4","LAII01000503.1",6461620.75110374,1
"4","LAII01000594.1",6628676.01885875,1
"4","LAII01000268.1",7125141.57046574,-1
"4","LAII01000152.1",9883787.72558641,-1
"4","LAII01000184.1",10004496.6465784,1
"4","LAII01000092.1",10173862.9076838,-1
"4","LAII01000382.1",11761358.7582499,1
"4","LAII01000075.1",16391510.446068,1
"4","LAII01000161.1",19395128.3358297,-1
"4","LAII01000215.1",21236591.2314901,1
"4","LAII01000413.1",22188541.4226724,-1
"4","LAII01000274.1",23023387.3835764,1
"4","LAII01000011.1",28395707.9606994,-1
"4","LAII01000666.1",33479844.9357113,-1
"4","LAII01000285.1",33970042.9855237,-1
"4","LAII01000333.1",34738622.4132238,1
"4","LAII01000477.1",35241848.1031659,-1
"4","LAII01000308.1",35762566.431007,-1
"4","LAII01000073.1",38241874.8726034,-1
"4","LAII01000070.1",42493591.1903529,-1
"4","LAII01000025.1",48321110.7260597,-1
"4","LAII01000016.1",56480204.1695531,-1
"4","LAII01000054.1",63403509.9884649,1
"4","LAII01000127.1",67379655.4606145,1
"4","LAII01000277.1",69288713.9183871,-1
"4A","LAII01000008.1",4933966.70743397,-1
"4A","LAII01000636.1",9693846.57666591,-1
"4A","LAII01000379.1",10047810.0712232,1
"4A","LAII01000667.1",10377666.319211,-1
"4A","LAII01000585.1",10499486.197016,-1
"4A","LAII01000088.1",12680879.6221756,-1
"4A","LAII01000081.1",17542499.9189601,1
"4A","LAII01000147.1",17894382.9585949,1
"5","LAII01000144.1",1932262.02328556,-1
"5","LAII01000148.1",2828825.48858706,1
"5","LAII01000498.1",3079672.83066927,1
"5","LAII01000364.1",3484122.50007936,-1
"5","LAII01000312.1",4085198.430311,-1
"5","LAII01000619.1",4497726.71098195,-1
"5","LAII01000111.1",5765690.64097721,-1
"5","LAII01000494.1",6172097.78957886,1
"5","LAII01000558.1",6404800.45196471,-1
"5","LAII01000468.1",7558218.27595515,-1
"5","LAII01000365.1",7816434.34707271,-1
"5","LAII01000167.1",9144039.74451899,-1
"5","LAII01000060.1",12398563.1934481,-1
"5","LAII01000705.1",14687511.8227023,1
"5","LAII01000546.1",14800331.0571674,1
"5","LAII01000090.1",16585633.5557361,1
"5","LAII01000004.1",23802356.6819441,1
"5","LAII01000017.1",33761843.4848708,-1
"5","LAII01000470.1",38009062.9255108,1
"5","LAII01000005.1",43688292.0690518,-1
"5","LAII01000069.1",51224846.7867874,1
"5","LAII01000581.1",53456217.3621589,1
"5","LAII01000049.1",56279037.9241102,-1
"5","LAII01000398.1",59389916.0813725,-1
"5","LAII01000408.1",59796395.4846461,-1
"5","LAII01000266.1",60502308.516598,1
"5","LAII01000606.1",61094248.4773365,-1
"5","LAII01000520.1",61252295.2266452,-1
"5","LAII01000469.1",61545741.6958511,1
"5","LAII01000297.1",62074018.6246894,1
"6","LAII01000209.1",952977.292765208,-1
"6","LAII01000436.1",1006399.53272394,-1
"6","LAII01000301.1",2333643.82727799,-1
"6","LAII01000358.1",3074197.20987687,-1
"6","LAII01000146.1",7566377.61524602,1
"6","LAII01000034.1",9842388.92818384,1
"6","LAII01000587.1",13341787.4627811,-1
"6","LAII01000021.1",17295568.8249843,-1
"6","LAII01000038.1",24481939.0641036,1
"6","LAII01000076.1",29770528.908144,-1
"6","LAII01000100.1",33586699.2197194,-1
"6","LAII01000261.1",35751207.085277,1
"7","LAII01000483.1",1470546.44340911,-1
"7","LAII01000411.1",1608989.41342394,-1
"7","LAII01000321.1",1931887.23368635,-1
"7","LAII01000295.1",2653603.08221533,-1
"7","LAII01000355.1",2681038.48494235,-1
"7","LAII01000002.1",10021347.3030404,1
"7","LAII01000188.1",13291588.0688074,1
"7","LAII01000158.1",16578393.7177668,1
"7","LAII01000012.1",22519874.0095489,1
"7","LAII01000159.1",28453444.1658822,-1
"7","LAII01000027.1",34136659.1935281,1
"7","LAII01000613.1",37850791.5156309,1
"7","LAII01000303.1",38376832.7727502,1
"7","LAII01000440.1",39010025.5234486,1
"7","LAII01000680.1",39200060.8730259,-1
"7","LAII01000338.1",39547221.3028007,1
"8","LAII01000026.1",2301726.31462515,1
"8","LAII01001041.1",4395797.78975132,1
"8","LAII01000155.1",5459368.27410912,-1
"8","LAII01000061.1",8836857.30823989,-1
"8","LAII01000019.1",15230136.7436922,-1
"8","LAII01000131.1",20550923.6559058,1
"8","LAII01000109.1",23395758.7858375,-1
"8","LAII01000300.1",25341078.9145935,-1
"8","LAII01000237.1",26355822.3191408,-1
"8","LAII01000375.1",27208972.6000831,-1
"8","LAII01000841.1",27463830.3613135,-1
"8","LAII01000450.1",27658249.7250976,1
"8","LAII01000596.1",27855766.7456478,-1
"9","LAII01000290.1",450612.362268163,-1
"9","LAII01000194.1",1723004.75412701,1
"9","LAII01000310.1",3052034.93501196,-1
"9","LAII01000414.1",3773607.02783005,1
"9","LAII01000462.1",4316025.56570989,-1
"9","LAII01000129.1",5561871.70690219,-1
"9","LAII01000373.1",7111831.89207951,-1
"9","LAII01000210.1",8141785.87662896,1
"9","LAII01000042.1",11912216.8807496,-1
"9","LAII01000824.1",14946591.4111873,1
"9","LAII01000006.1",20082293.6791788,1
"9","LAII01000523.1",25832439.5411645,1
"9","LAII01000222.1",26598490.5457179,1
"10","LAII01000519.1",149029.791045047,-1
"10","LAII01000377.1",472159.985355982,-1
"10","LAII01000509.1",803682.893885922,1
"10","LAII01000241.1",1458187.7744305,-1
"10","LAII01000056.1",4524352.36369928,-1
"10","LAII01000039.1",9969538.91258118,1
"10","LAII01000029.1",16358760.1389767,-1
"10","LAII01000548.1",20016036.4712269,-1
"10","LAII01000276.1",20486162.6198693,-1
"11","LAII01000638.1",228649.776580481,1
"11","LAII01000405.1",4668622.29157281,-1
"11","LAII01000586.1",4926844.23688141,-1
"11","LAII01000369.1",5230963.82102634,-1
"11","LAII01000126.1",6324180.24182846,-1
"11","LAII01000035.1",6510153.53531457,-1
"11","LAII01000442.1",7819375.94436141,1
"11","LAII01000403.1",8190724.35975286,-1
"11","LAII01000259.1",8600394.1749536,1
"11","LAII01000251.1",8931063.53636782,-1
"11","LAII01000190.1",11891536.5876476,1
"11","LAII01000175.1",15458419.8206076,-1
"11","LAII01000620.1",16525744.6320589,1
"11","LAII01000960.1",17021487.5249374,1
"11","LAII01000189.1",17417106.8377334,-1
"11","LAII01000231.1",19014826.6233051,-1
"11","LAII01000506.1",19795649.1960249,1
"11","LAII01000361.1",20104814.4351088,-1
"11","LAII01000448.1",20595716.9078017,-1
"11","LAII01000521.1",20766341.8012742,-1
"11","LAII01000320.1",21097100.3577644,-1
"12","LAII01000695.1",798020.839713156,-1
"12","LAII01000480.1",963375.520533972,-1
"12","LAII01000386.1",1357375.2125497,1
"12","LAII01000066.1",3962645.41655291,1
"12","LAII01000179.1",6951670.90616028,-1
"12","LAII01000545.1",7876343.37721873,1
"12","LAII01000389.1",8176384.028682,-1
"12","LAII01000416.1",8578416.7631337,-1
"12","LAII01000009.1",12696128.9424828,1
"12","LAII01000698.1",18165290.9190114,1
"12","LAII01000095.1",19752711.5041651,-1
"13","LAII01000439.1",183737.699028745,1
"13","LAII01000120.1",1776009.24001113,-1
"13","LAII01000424.1",3261572.56727819,1
"13","LAII01000336.1",3725349.09838848,1
"13","LAII01000045.1",6876986.89816031,1
"13","LAII01000032.1",13164475.1091172,1
"13","LAII01000566.1",16686124.8511379,1
"13","LAII01000978.1",16792333.542525,1
"14","LAII01000172.1",1212330.19154851,-1
"14","LAII01000018.1",6789131.27163967,1
"14","LAII01000156.1",10543064.8653481,-1
"14","LAII01000064.1",13568896.8825941,1
"15","LAII01000288.1",366008.707450822,1
"15","LAII01000062.1",3321431.14897701,1
"15","LAII01000136.1",6714485.96153746,1
"15","LAII01000245.1",8457403.75637432,-1
"15","LAII01000114.1",10527642.71356,1
"15","LAII01000293.1",12342062.3989633,-1
"15","LAII01000201.1",13555358.5245969,1
"17","LAII01000343.1",360549.332009692,-1
"17","LAII01000402.1",900270.56736724,-1
"17","LAII01000801.1",1220713.07150936,-1
"17","LAII01000541.1",1329179.95937317,-1
"17","LAII01000256.1",1899765.88141389,-1
"17","LAII01000108.1",4002268.04747763,-1
"17","LAII01000307.1",5837849.19997867,-1
"17","LAII01000419.1",6422983.6870078,1
"17","LAII01000271.1",7094917.12860568,1
"17","LAII01000072.1",9639317.53690624,-1
"18","LAII01001268.1",276691.903988183,1
"18","LAII01000341.1",481752.658914761,1
"18","LAII01000461.1",960782.626043283,1
"18","LAII01000394.1",1256754.95234881,-1
"18","LAII01000330.1",1755864.73618378,1
"18","LAII01000674.1",2084045.92307848,-1
"18","LAII01000352.1",4042481.01067445,-1
"18","LAII01000452.1",4925110.69062655,1
"18","LAII01000354.1",5329107.141075,1
"18","LAII01000572.1",5970068.97860867,-1
"18","LAII01000098.1",6329551.46130256,-1
"18","LAII01000083.1",7435991.77386639,-1
"18","LAII01000262.1",7965515.76600521,-1
"18","LAII01000528.1",9800142.37031239,-1
"19","LAII01000492.1",203053.618849071,1
"19","LAII01000381.1",526429.854622188,-1
"19","LAII01000104.1",2375934.29989155,1
"19","LAII01000823.1",3999045.45192181,-1
"19","LAII01000420.1",4202540.01716684,-1
"19","LAII01000282.1",4843805.89534229,1
"19","LAII01000252.1",5809102.84292566,-1
"19","LAII01000139.1",7491048.16638887,-1
"19","LAII01000328.1",8980457.57977273,1
"19","LAII01000137.1",10460432.8292472,1
"20","LAII01000378.1",273765.718731855,1
"20","LAII01000273.1",903794.826576965,1
"20","LAII01000539.1",1542524.11618133,-1
"20","LAII01000510.1",1708383.37042476,1
"20","LAII01000003.1",7734929.9351604,1
"20","LAII01000493.1",13413403.5678633,-1
"20","LAII01000138.1",14618846.5658911,-1
"21","LAII01000397.1",181905.393556426,-1
"21","LAII01000370.1",491558.527827,1
"21","LAII01000112.1",1431579.44861337,-1
"21","LAII01000291.1",2608923.19116492,-1
"21","LAII01000232.1",3631052.52813782,-1
"21","LAII01000551.1",4316932.11844406,1
"21","LAII01000269.1",4857477.35476666,1
"21","LAII01000487.1",5485235.24494833,1
"22","LAII01000314.1",221865.757652948,1
"22","LAII01000453.1",599222.207836392,1
"22","LAII01000484.1",829069.669914948,1
"22","LAII01000200.1",1378150.69725769,1
"22","LAII01000663.1",2025055.62108878,-1
"22","LAII01000360.1",2498962.65456189,1
"22","LAII01000324.1",3079354.05421946,-1
"23","LAII01000476.1",222962.813881335,-1
"23","LAII01000315.1",762958.317048388,1
"23","LAII01000177.1",3406705.66530739,1
"23","LAII01000142.1",4070258.9805582,1
"23","LAII01000254.1",4695196.90039549,1
"24","LAII01000097.1",1463984.88000654,1
"24","LAII01000434.1",3298293.40130854,1
"24","LAII01000212.1",5521418.93806232,1
"24","LAII01000208.1",5688082.01515032,-1
"24","LAII01000346.1",6856944.03512124,-1
"24","LAII01000763.1",7260497.83004804,-1
"24","LAII01000549.1",7390975.10281864,-1
"25","LAII01000247.1",193779.137364805,1
"25","LAII01000488.1",487216.926260239,1
"25","LAII01000702.1",823082.432143407,-1
"25","LAII01000576.1",1125743.26523397,-1
"25","LAII01000859.1",1180592.38275239,-1
"25","LAII01000647.1",1233203.80096512,1
"26","LAII01000220.1",2276153.63791733,1
"26","LAII01000134.1",2651774.98460433,1
"26","LAII01000197.1",3181433.67637996,-1
"27","LAII01000890.1",184068.263881654,-1
"27","LAII01000337.1",464772.763734972,1
"27","LAII01000376.1",1010648.57954142,-1
"27","LAII01000623.1",1699063.43719233,-1
"27","LAII01000392.1",1776010.27341574,1
"27","LAII01000608.1",1797764.77411583,1
"27","LAII01000741.1",1850883.95608108,1
"27","LAII01000540.1",1895065.81021362,1
"27","LAII01000253.1",2431769.10813405,1
"27","LAII01000779.1",3021211.76073874,1
"27","LAII01000652.1",3267148.34187255,-1
"27","LAII01000495.1",3402384.86263384,1
"27","LAII01001051.1",3508955.01156754,1
"27","LAII01000317.1",3844287.06422683,1
"27","LAII01000973.1",4422310.83540248,1
"27","LAII01001184.1",4464192.81717934,1
"28","LAII01001186.1",4601.960758543,-1
"28","LAII01000275.1",541259.166082192,1
"28","LAII01000449.1",1099120.86065083,1
"28","LAII01000334.1",1553599.70140012,-1
"28","LAII01000211.1",2663215.63339205,1
"28","LAII01000264.1",3584785.397906,-1
"28","LAII01000684.1",3943215.62369015,-1
"28","LAII01000826.1",4044700.44127185,1
"28","LAII01000622.1",4100546.28820349,1
"28","LAII01000629.1",4180849.4099874,-1
"28","LAII01001140.1",4226279.44692483,1
"28","LAII01000788.1",4378235.51171378,-1
"28","LAII01000507.1",4610712.42818229,1
"28","LAII01000399.1",4790375.28341302,1
"Z","LAII01000433.1",1829679.17082127,1
"Z","LAII01000294.1",2409093.07684155,-1
"Z","LAII01000087.1",4569512.26867727,-1
"Z","LAII01000141.1",7452490.65339164,1
"Z","LAII01000198.1",9345160.92697576,-1
"Z","LAII01000445.1",11815793.1117986,-1
"Z","LAII01000387.1",13048202.2835717,-1
"Z","LAII01000260.1",13227306.907579,1
"Z","LAII01000068.1",15742004.7368806,1
"Z","LAII01000227.1",18733604.4130692,-1
"Z","LAII01000094.1",19503666.8654906,-1
"Z","LAII01000366.1",21297627.8095034,-1
"Z","LAII01000688.1",22361290.8281452,1
"Z","LAII01000605.1",22453350.5088548,-1
"Z","LAII01000511.1",22621583.621901,-1
"Z","LAII01000199.1",23507555.1842186,1
"Z","LAII01000216.1",24897651.2887327,1
"Z","LAII01000182.1",25895189.911443,-1
"Z","LAII01000635.1",26648337.5675804,1
"Z","LAII01000401.1",28344316.4711782,1
"Z","LAII01000807.1",28493490.2643726,1
"Z","LAII01000571.1",28570174.1370667,-1
"Z","LAII01000335.1",28968998.289478,-1
"Z","LAII01000228.1",30504888.4143709,-1
"Z","LAII01000103.1",30906875.2486323,-1
"Z","LAII01000766.1",32341923.904105,-1
"Z","LAII01000279.1",34558351.9841495,-1
"Z","LAII01000427.1",35190275.8557116,-1
"Z","LAII01000752.1",35679590.9542084,1
"Z","LAII01000239.1",35920591.9024779,1
"Z","LAII01000102.1",38008005.3601064,1
"Z","LAII01000553.1",39595574.151199,-1
"Z","LAII01000544.1",39896878.5255885,-1
"Z","LAII01000203.1",40592461.9268756,-1
"Z","LAII01000057.1",41051406.5633354,1
"Z","LAII01000615.1",41412631.185889,1
"Z","LAII01000007.1",46426966.9471487,1
"Z","LAII01000122.1",49208111.3140426,1
"Z","LAII01000353.1",52859935.9229744,-1
"Z","LAII01000187.1",53174853.8551997,-1
"Z","LAII01000577.1",53190623.0489263,1
"Z","LAII01000938.1",53271147.8329137,-1
"Z","LAII01000246.1",57244759.1186191,-1
"Z","LAII01000047.1",57831762.1854852,1
"Z","LAII01000347.1",61260143.4800078,1
"Z","LAII01000214.1",62376092.709622,-1
"Z","LAII01000428.1",67127945.8337301,-1
"Z","LAII01000499.1",67404523.6774803,-1
"Z","LAII01000223.1",67975941.944688,-1
"Z","LAII01000459.1",69019006.4907367,1
"Z","LAII01000464.1",69297383.5223058,-1
"Z","LAII01000529.1",69512041.0084935,1
"Z","LAII01000298.1",70002583.6565081,-1
"Z","LAII01000240.1",71020854.9579185,-1
"Z","LAII01000286.1",72131701.6261953,1
"LGE22","LAII01000634.1",20535.9969011142,1
"LGE22","LAII01000400.1",271946.662293221,1
"LGE22","LAII01000891.1",282673.435749489,1
"LGE22","LAII01000407.1",705604.330584476,1
